{
  "total_requests": 2894,
  "successful_requests": 2894,
  "failed_requests": 0,
  "avg_latency": 0.033223983577472554,
  "p95_latency": 0.059695661067962646,
  "p99_latency": 0.0649904489517212,
  "min_latency": 0.0,
  "max_latency": 0.0704503059387207,
  "requests_per_second": 9.616373632165459,
  "concurrent_users": 10,
  "duration_seconds": 300.9450454711914
}