{
  "total_requests": 2887,
  "successful_requests": 2887,
  "failed_requests": 0,
  "avg_latency": 0.03455468689152474,
  "p95_latency": 0.05908799171447754,
  "p99_latency": 0.06502504348754883,
  "min_latency": 0.0032987594604492188,
  "max_latency": 0.07754683494567871,
  "requests_per_second": 9.603046387728703,
  "concurrent_users": 10,
  "duration_seconds": 300.6337659358978
}