{
  "total_requests": 90195,
  "successful_requests": 90195,
  "failed_requests": 0,
  "avg_latency": 0.03326157567717692,
  "p95_latency": 0.07018504142761231,
  "p99_latency": 0.08024002075195312,
  "min_latency": 0.008102178573608398,
  "max_latency": 0.12891936302185059,
  "requests_per_second": 300.59978493611476,
  "concurrent_users": 10,
  "duration_seconds": 300.0501148700714
}