{
  "total_requests": 14350,
  "successful_requests": 14350,
  "failed_requests": 0,
  "avg_latency": 0.04134462240265637,
  "p95_latency": 0.07039906978607177,
  "p99_latency": 0.0888587236404419,
  "min_latency": 0.0,
  "max_latency": 0.29343748092651367,
  "requests_per_second": 47.67661738108194,
  "concurrent_users": 50,
  "duration_seconds": 300.9861183166504
}