{
  "total_requests": 28368,
  "successful_requests": 28368,
  "failed_requests": 0,
  "avg_latency": 0.056776488207183985,
  "p95_latency": 0.10622321367263794,
  "p99_latency": 0.16877293586730957,
  "min_latency": 0.0,
  "max_latency": 0.40828871726989746,
  "requests_per_second": 94.33882844355513,
  "concurrent_users": 100,
  "duration_seconds": 300.7033314704895
}